accuracy_local_all,accuracy_goa,accuracy_random_1,accuracy_edge_all,accuracy_ga,accuracy_dmin,delay_edge_local_all,delay_edge_goa,delay_edge_random_1,delay_edge_edge_all,delay_edge_ga,delay_edge_dmin,delay_local_local_all,delay_local_goa,delay_local_random_1,delay_local_edge_all,delay_local_ga,delay_local_dmin,t_comm_local_all,t_comm_goa,t_comm_random_1,t_comm_edge_all,t_comm_ga,t_comm_dmin,t_comp_local_all,t_comp_goa,t_comp_random_1,t_comp_edge_all,t_comp_ga,t_comp_dmin,N_goa,N_ga,N_dmin,N,t_goa,t_ga
45.222222222222165,54.928888888888864,54.248888888888914,56.17777777777783,54.33777777777777,52.877777777777744,0.0,27.28182160857506,410.83179250315357,32.6216073159073,24.584667112087825,24.621481935921203,35.84647304283948,24.18058015291081,35.766351627460224,0.0,32.561814491654346,23.251416876008676,0.0,4.036453485281858,385.5894982933191,4.1835249983619835,3.5200006156648365,4.354833252923768,0.0,23.24536812329319,25.242294209834448,28.4380823175453,21.064666496422983,20.266648682997452,74.136,65.64,63.938,90,0.16073896741867066,49.074104613780975
