accuracy_local_all,accuracy_goa,accuracy_random_1,accuracy_edge_all,accuracy_dmin,delay_total_local_all,delay_total_goa,delay_total_random_1,delay_total_edge_all,delay_total_dmin,delay_local_local_all,delay_local_goa,delay_local_random_1,delay_local_edge_all,delay_local_dmin,t_comm_local_all,t_comm_goa,t_comm_random_1,t_comm_edge_all,t_comm_dmin,t_comp_local_all,t_comp_goa,t_comp_random_1,t_comp_edge_all,t_comp_dmin,N,N_goa,N_dmin,t_goa
45.24,55.125,54.5,56.2175,53.47,2868.418594711968,1939.0960891920915,2055.622931778894,2275.7737003767757,1745.7343039466414,2868.418594711968,267.5962516236837,404.9302469814387,0.0,426.8213472496623,0.0,206.0408900638809,169.25811586800359,257.28429344343414,137.0420119881981,0.0,1465.458947504529,1481.4345689294523,2018.4894069333438,1181.8709447087817,80,68.57,61.266,0.2088107385635376
