accuracy_local_all,accuracy_goa,accuracy_random_1,accuracy_edge_all,accuracy_ga,accuracy_dmin,delay_edge_local_all,delay_edge_goa,delay_edge_random_1,delay_edge_edge_all,delay_edge_ga,delay_edge_dmin,delay_local_local_all,delay_local_goa,delay_local_random_1,delay_local_edge_all,delay_local_ga,delay_local_dmin,t_comm_local_all,t_comm_goa,t_comm_random_1,t_comm_edge_all,t_comm_ga,t_comm_dmin,t_comp_local_all,t_comp_goa,t_comp_random_1,t_comp_edge_all,t_comp_ga,t_comp_dmin,N_goa,N_ga,N_dmin,N,t_goa,t_ga
44.9,55.77999999999996,55.66,56.19333333333335,54.30666666666665,54.946666666666644,0.0,19.650266143832795,701.0842081184305,21.33175222853708,15.28671909748886,18.895813452299773,35.82683866277374,18.97877820337659,30.979924003052208,0.0,30.48987711510608,20.555511371532337,0.0,2.0542312703347947,681.3813818046945,2.444300427710346,1.2758232103022313,1.8625574081847933,0.0,17.596034873498017,19.70282631373503,18.887451800826728,14.010895887186631,17.03325604411496,56.872,43.89,54.402,60,0.07186344146728516,27.6699272646904
