accuracy_local_all,accuracy_goa,accuracy_random_1,accuracy_edge_all,accuracy_ga,accuracy_dmin,delay_edge_local_all,delay_edge_goa,delay_edge_random_1,delay_edge_edge_all,delay_edge_ga,delay_edge_dmin,delay_local_local_all,delay_local_goa,delay_local_random_1,delay_local_edge_all,delay_local_ga,delay_local_dmin,t_comm_local_all,t_comm_goa,t_comm_random_1,t_comm_edge_all,t_comm_ga,t_comm_dmin,t_comp_local_all,t_comp_goa,t_comp_random_1,t_comp_edge_all,t_comp_ga,t_comp_dmin,N_goa,N_ga,N_dmin,N,t_goa,t_ga
45.222,54.714,53.874,56.162,54.4,52.264,0.0,30.117918334097055,3597.9400246209066,36.926602067031105,28.737954072005042,29.939206935323554,35.85603926349309,24.956506365470723,35.97713225618856,0.0,32.85884070014018,23.699613876497125,0.0,5.041100254483629,3570.937188069883,5.297721553191411,4.896370223616906,8.736430571210025,0.0,25.07681807961344,27.002836551021613,31.628880513839725,23.841583848388133,21.20277636411349,79.538,74.206,66.552,100,0.20769972610473633,59.95025907754898
