accuracy_local_all,accuracy_goa,accuracy_random_1,accuracy_edge_all,accuracy_dmin,delay_total_local_all,delay_total_goa,delay_total_random_1,delay_total_edge_all,delay_total_dmin,delay_local_local_all,delay_local_goa,delay_local_random_1,delay_local_edge_all,delay_local_dmin,t_comm_local_all,t_comm_goa,t_comm_random_1,t_comm_edge_all,t_comm_dmin,t_comp_local_all,t_comp_goa,t_comp_random_1,t_comp_edge_all,t_comp_dmin,N,N_goa,N_dmin,t_goa
45.222,54.066,53.486,56.162,52.236,3585.603926349308,2646.861944235628,2897.6014333046624,3591.254510714967,2404.8106342008114,3585.603926349308,589.8828217324797,861.5390056003536,0.0,796.542679563522,0.0,238.02370827779708,209.78066607049738,429.2156692552263,203.02258048445955,0.0,1818.9554142253498,1826.2817616338098,3162.038841459736,1405.2453741528282,100,76.004,66.512,0.19523072338104247
