accuracy_local_all,accuracy_goa,accuracy_random_1,accuracy_edge_all,accuracy_dmin,delay_total_local_all,delay_total_goa,delay_total_random_1,delay_total_edge_all,delay_total_dmin,delay_local_local_all,delay_local_goa,delay_local_random_1,delay_local_edge_all,delay_local_dmin,t_comm_local_all,t_comm_goa,t_comm_random_1,t_comm_edge_all,t_comm_dmin,t_comp_local_all,t_comp_goa,t_comp_random_1,t_comp_edge_all,t_comp_dmin,N,N_goa,N_dmin,t_goa
44.97428571428566,55.43428571428575,55.00857142857147,56.1542857142857,54.179999999999964,2507.756903895556,1596.8543893903648,1646.8408799907052,1792.6208793282603,1476.2194596098375,2507.756903895556,158.5167540945517,249.24664520316603,0.0,264.73459135507585,0.0,208.89921455951395,149.42221111027254,248.65563713530196,153.98718375408677,0.0,1229.4384207362998,1248.1720236772649,1543.96524219296,1057.4976845006731,70,62.974,58.07,0.15452512836456297
