accuracy_local_all,accuracy_goa,accuracy_random_1,accuracy_edge_all,accuracy_ga,accuracy_dmin,delay_edge_local_all,delay_edge_goa,delay_edge_random_1,delay_edge_edge_all,delay_edge_ga,delay_edge_dmin,delay_local_local_all,delay_local_goa,delay_local_random_1,delay_local_edge_all,delay_local_ga,delay_local_dmin,t_comm_local_all,t_comm_goa,t_comm_random_1,t_comm_edge_all,t_comm_ga,t_comm_dmin,t_comp_local_all,t_comp_goa,t_comp_random_1,t_comp_edge_all,t_comp_ga,t_comp_dmin,N_goa,N_ga,N_dmin,N,t_goa,t_ga
44.744,56.096,56.044,56.168,54.644,55.912,0.0,17.23203461413453,121.89369862648171,17.55381223010015,13.828246679382797,16.724540017060978,35.79495776945561,7.04546121161594,12.101329563410935,0.0,28.207867195613645,10.472089658365189,0.0,1.9230647530356613,104.33469183048571,1.7985651762013481,0.9399797517121253,1.4082593218195898,0.0,15.308969861098861,17.559006795996186,15.75524705389883,12.88826692767067,15.31628069524138,49.38,40.072,48.76,50,0.04513492155075073,21.3647969455719
